{
  "name": "overtime_basic",
  "source": "__main__ 权益1（6000/40h/16h/8h）",
  "input": {
    "monthlyWage": 6000,
    "weekdayOt": 40,
    "weekendOt": 16,
    "holidayOt": 8
  },
  "expected": {
    "hourly_wage": 34.48275862068966,
    "weekday_pay": 2068.9655172413795,
    "weekend_pay": 1103.448275862069,
    "holiday_pay": 827.5862068965519,
    "total_overtime": 4000.0,
    "detail": [
      {
        "type": "工作日延时",
        "hours": 40,
        "rate": 1.5,
        "pay": 2068.9655172413795
      },
      {
        "type": "休息日",
        "hours": 16,
        "rate": 2.0,
        "pay": 1103.448275862069
      },
      {
        "type": "法定节假日",
        "hours": 8,
        "rate": 3.0,
        "pay": 827.5862068965519
      }
    ],
    "note": "你的法定时薪约 34.48 元/小时，本月加班费依法应得约 4,000 元（工作日1.5倍、休息日2倍、法定节假日3倍）——这是你应得的钱。\n争取它需要花些时间、备好证据，在职期间也要考虑周全。下方「维权现实评估」会结合你的实际情况，帮你看看怎么处理对你最有利。"
  }
}